"Timestamp","Username","Aceita que os dados sejam considerados para efeitos de dissertação?","Qual a temperatura mais elevada?  (valor arredondado por defeito às unidades)","Qual a temperatura mais baixa?  (valor arredondado por defeito às unidades)","Qual o último ano com registos?","Entre que valores a temperatura está a variar?","Qual a temperatura mais elevada?  (valor arredondado por defeito às unidades)","Qual o mês em que se registou a temperatura mais alta?","Qual das pistas visuais retém melhor na memória?"
"2019/12/17 10:32:52 AM GMT","goncalomartinsperes@gmail.com","Sim, eu aceito que os dados por mim enviados sejam considerados para efeitos de dissertação","43","-61","2010","4 e 25","23","Agosto","Cor"
"2019/12/19 1:56:45 PM GMT","rz_neves@hotmail.com","Sim, eu aceito que os dados por mim enviados sejam considerados para efeitos de dissertação","nenhum desses","nenhum desses","2009","nenhum desses","nenhum desses","Julho","Cor"
"2019/12/21 1:01:32 PM GMT","motoadaemarques@gmail.com","Sim, eu aceito que os dados por mim enviados sejam considerados para efeitos de dissertação","43","-61","2013","4 e 25","23","Agosto","Eixos"
"2019/12/21 1:04:20 PM GMT","daniela.alexandra782@gmail.com","Sim, eu aceito que os dados por mim enviados sejam considerados para efeitos de dissertação","nenhum desses","nenhum desses","2009","5 e 20","23","Maio","Cor"
"2019/12/24 5:17:09 PM GMT","beatrizverissim@gmail.com","Sim, eu aceito que os dados por mim enviados sejam considerados para efeitos de dissertação","34","nenhum desses","2010","3 e 25","30","Julho","Eixos"
"2019/12/25 3:01:59 PM GMT","barbaraperes2003@gmail.com","Sim, eu aceito que os dados por mim enviados sejam considerados para efeitos de dissertação","35","-67","2010","4 e 25","23","Julho","Cor"
"2019/12/25 3:51:10 PM GMT","luismartins94@gmail.com","Sim, eu aceito que os dados por mim enviados sejam considerados para efeitos de dissertação","34","-67","2009","nenhum desses","30","Agosto","Imersão"
"2019/12/27 10:16:22 AM GMT","paulo.roquete.vitorino@gmail.com","Sim, eu aceito que os dados por mim enviados sejam considerados para efeitos de dissertação","34","-61","2010","nenhum desses","30","Agosto","Imersão"